id,payload,status
d78b6fe1-3106-4266-94d7-496b744f42d6,500-000-000,done
e3292a3e-3989-456c-bdef-627897d922e9,500-000-001,done
2278d42b-b551-4a08-8c87-67eab98d9e86,500-000-002,done
7e9415ca-c189-4b46-8b07-07c68776e6ba,500-000-003,done
b7a416da-308c-439b-b975-2ce46e9f9ddd,500-000-004,done
62bc97eb-5f2e-4eae-ae1d-35f7bc39e12e,500-000-005,in_progress
4cc735a4-af35-4a5d-991e-728deb3aa587,500-000-006,in_progress
f36abc37-b672-4bbf-ac33-c62ac3b1b416,500-000-007,in_progress
b23a1e63-af1a-401c-b9f3-4d2418f767a7,500-000-008,pending
48676782-5256-4053-acb0-841d9529b61d,500-000-009,pending
412cd071-f63d-4c77-88bd-ce3ef1029526,500-000-010,pending
a6375179-e195-420f-988c-2f6fbeeded97,500-000-011,pending
f1634f0a-9c97-49a1-89c7-b4e5221d2695,500-000-012,pending
bca97981-0c81-44c8-abbb-8ecbbc58d340,500-000-013,pending
f15ca9fd-7dfa-4f41-9d05-8f3702bc47ba,500-000-014,pending
070730a4-d2de-4bb9-bdb9-2915639972be,500-000-015,pending
262a177b-7d71-469c-bc20-c492a1a568f5,500-000-016,pending
abf032b0-7ea9-447e-84ad-bbac183d3254,500-000-017,pending
635631e1-7978-403f-811b-dfc9ef5d0f00,500-000-018,pending
44955d2e-c704-413d-a9cd-677510db5a6a,500-000-019,pending
2f2215d5-5478-4e8a-ae30-476e08b69d11,500-000-020,pending
ed6c5b88-c04f-454f-8b02-88b2b2ea42bf,500-000-021,pending
ca17c8e9-9faf-4849-b191-05f9e3d6808f,500-000-022,pending
73624ebd-5ce7-4082-a969-6f2e9b6045a2,500-000-023,pending
1988816e-b9e0-4735-8330-bb459f8367e7,500-000-024,pending
418da764-cc75-4695-bb22-e9dc4c3c9a5a,500-000-025,pending
7a33da2d-7ff1-449a-86ac-74f161bc3e74,500-000-026,pending
e0c715a9-223d-4419-ac16-0ab0ff936cd1,500-000-027,pending
260107e4-4c1d-45ac-934e-23bfc1800a05,500-000-028,pending
1a0df5e6-d522-41fa-bb6b-939a4c31572c,500-000-029,pending
ecec80e7-531b-40c3-b5b5-2ef0ead5e895,500-000-030,pending
176dc667-c53a-402e-8d99-c23001612fc6,500-000-031,pending
206f4b6a-3a96-4e99-a602-bafa7d602595,500-000-032,pending
de3f66ec-630e-488f-8bbc-db6fa87c10e5,500-000-033,pending
4fa52dc8-bef0-424e-b842-2cbaf2cb90ec,500-000-034,pending
4e3e0ce1-0d0e-4cc5-b14b-c7771cf6eb54,500-000-035,pending
03e7b700-f3bb-4825-93bc-a19f4a0f45d1,500-000-036,pending
3b5c5b1b-918c-420d-8ee1-1fab96a427a4,500-000-037,pending
ce250eee-c7e1-4195-9e48-9a1232a285af,500-000-038,pending
44de5a35-003f-4350-ad93-1134f80714d1,500-000-039,pending
f32118bf-fdcf-48ab-8bea-5a8db649cbd4,500-000-040,pending
e861a4b3-d0b2-4d82-9b79-3b50bacc20b2,500-000-041,pending
35db3133-774d-4b98-b66d-f46666295481,500-000-042,pending
f64700b4-4557-4219-a2fa-2f9db1eae7a5,500-000-043,pending
4c86cb69-23fc-43bb-9e4c-3b65728aabee,500-000-044,pending
43c19d98-c383-4f1d-b38d-1ea9df467fee,500-000-045,pending
e4ff0106-97d3-487d-a8a4-1b4fcba15a3b,500-000-046,pending
9658ca61-4375-43c0-8382-d7e3039c0687,500-000-047,pending
d672cdd6-6c12-4685-b253-cbfb9b88b04a,500-000-048,pending
2f8913f0-e1e2-44cb-8d1f-054c63e0a71e,500-000-049,pending
68d42b13-78c6-41b4-abce-586fe8cec6cd,500-000-050,pending
cd51666f-1a7b-4ec4-867a-35ec6a547dad,500-000-051,pending
6f911c11-d4d7-45f7-8b06-3454010ee50a,500-000-052,pending
75a4a095-4fba-4ad1-8a0d-132afee75669,500-000-053,pending
d8730135-8161-4157-a8da-d481a3425d2e,500-000-054,pending
310a2cce-31da-4260-8ad8-7a722989fc88,500-000-055,pending
8bad84f3-c038-4ccf-ab46-ed9b72958828,500-000-056,pending
7529121e-ad85-4bb5-8195-d0d4411d0269,500-000-057,pending
cb09fc01-289e-46c8-876b-962a90b37cb7,500-000-058,pending
dcd0033f-ba54-4cc8-b312-b92620585b27,500-000-059,pending
28cb9262-0b6f-4e42-b339-c96e7c970006,500-000-060,pending
8ad5832a-feb2-49ed-a672-86d98d097baa,500-000-061,pending
1d8fe144-b6f9-4673-bbe7-9f56bab44774,500-000-062,pending
9124e8a6-6363-4949-9e03-f26e6b1095ef,500-000-063,pending
daee644b-089e-48aa-a050-bbf76a4c33a0,500-000-064,pending
4848d198-7768-4c50-a3ba-62d5b8ee75f9,500-000-065,pending
0811ed07-bbbd-41af-b49d-93b507ae278e,500-000-066,pending
d84cd38f-f6a9-4771-b752-bc6a0b48c808,500-000-067,pending
4525e49e-32eb-487b-8bb3-42fde761f54b,500-000-068,pending
0caa50b8-a12d-47d3-864d-3c0529b5df95,500-000-069,pending
f4f6da8c-778f-4fa7-a21b-82c48711938c,500-000-070,pending
2d84a300-96da-4165-9cf7-391dd84f9140,500-000-071,pending
d9410563-f981-49af-881a-c6927c9e133e,500-000-072,pending
8b1a4499-ebda-43d2-b342-585a28f98700,500-000-073,pending
5ed63243-4112-4693-b0ac-eeccebe8cd4f,500-000-074,pending
0d661193-7011-45a9-a09c-9f41f71e73e8,500-000-075,pending
b0cc2bb5-f2c7-42b8-abf7-603a8e589942,500-000-076,pending
bc6e6cfe-7da8-4cb8-96e0-5b35ed3e7da8,500-000-077,pending
ff4f4014-bccd-48fa-aea6-0e944bbc6101,500-000-078,pending
9761f577-547b-460a-866f-08121328cf1f,500-000-079,pending
7966258b-8904-423c-ad4f-51fcc2652f24,500-000-080,pending
1ec22792-a863-42e3-8666-e9054742f259,500-000-081,pending
5ea2a168-d75d-4606-bcc6-801759954fa5,500-000-082,pending
4f44b087-2849-4b48-bc97-6cf4a91352ae,500-000-083,pending
d018dff8-eee8-436c-8f98-90bb1299bd4e,500-000-084,pending
987f6adb-cf22-451c-b24b-9f86c557d9f7,500-000-085,pending
79e59ac8-f836-4add-b284-6f2d3d91b602,500-000-086,pending
e796434f-48ed-4382-b685-87af391d21ee,500-000-087,pending
77460119-e1c1-4336-b226-e5b20ea55ccf,500-000-088,pending
84d22b96-d271-423c-ac73-df744d4b45b3,500-000-089,pending
4f534bd7-ad0d-4ece-ac22-b989fa41bcb6,500-000-090,pending
4c3b130a-839d-4012-87f4-cc626bc8ae5f,500-000-091,pending
d9bb7577-c3a4-44ce-8587-9aa655b7936c,500-000-092,pending
89f0fdc8-8713-4846-8e0e-3df2e886b728,500-000-093,pending
c4f1d247-1a92-4458-9bb6-0431dfde0a8a,500-000-094,pending
1bb58759-7ff1-42a9-b8e0-ea0bd944ef05,500-000-095,pending
47fb1ffa-3f95-4fea-8940-c3eb484ea8ef,500-000-096,pending
76b309bb-27f2-4d39-a4e0-0ab95790ded5,500-000-097,pending
5553b69c-633c-4bf0-8d2c-8a03b6aee627,500-000-098,pending
9ff63a01-3554-4b22-ab36-845ee31d1b84,500-000-099,pending
